<?xml version="1.0" encoding="UTF-8"?>
<metadata xml:lang="en"><Esri><CreaDate>20191021</CreaDate><CreaTime>14274200</CreaTime><ArcGISFormat>1.0</ArcGISFormat><SyncOnce>FALSE</SyncOnce><DataProperties><lineage><Process ToolSource="c:\program files (x86)\arcgis\desktop10.3\ArcToolbox\Toolboxes\Data Management Tools.tbx\CalculateField" Date="20180725" Time="105409">CalculateField Kenya_Geology_1_to_1_million_join Old_Lithov [LITHOVAL] VB #</Process><Process ToolSource="c:\program files (x86)\arcgis\desktop10.3\ArcToolbox\Toolboxes\Data Management Tools.tbx\CalculateField" Date="20180725" Time="105436">CalculateField Kenya_Geology_1_to_1_million_join LITHOVAL [LITHOVAL_1] VB #</Process><Process ToolSource="c:\program files (x86)\arcgis\desktop10.3\ArcToolbox\Toolboxes\Data Management Tools.tbx\CalculateField" Date="20180725" Time="105616">CalculateField Kenya_Geology_1_to_1_million_join LITHOVAL "Bpt" VB #</Process><Process ToolSource="c:\program files (x86)\arcgis\desktop10.3\ArcToolbox\Toolboxes\Data Management Tools.tbx\CalculateField" Date="20180725" Time="105649">CalculateField Kenya_Geology_1_to_1_million_join LITHOVAL "Cj" VB #</Process><Process ToolSource="c:\program files (x86)\arcgis\desktop10.3\ArcToolbox\Toolboxes\Data Management Tools.tbx\CalculateField" Date="20180725" Time="105752">CalculateField Kenya_Geology_1_to_1_million_join LITHOVAL "Cp" VB #</Process><Process ToolSource="c:\program files (x86)\arcgis\desktop10.3\ArcToolbox\Toolboxes\Data Management Tools.tbx\CalculateField" Date="20180725" Time="110359">CalculateField Kenya_Geology_1_to_1_million_join LITHOVAL "Cs" VB #</Process><Process ToolSource="c:\program files (x86)\arcgis\desktop10.3\ArcToolbox\Toolboxes\Data Management Tools.tbx\CalculateField" Date="20180725" Time="110429">CalculateField Kenya_Geology_1_to_1_million_join LITHOVAL "Ct" VB #</Process><Process ToolSource="c:\program files (x86)\arcgis\desktop10.3\ArcToolbox\Toolboxes\Data Management Tools.tbx\CalculateField" Date="20180725" Time="110506">CalculateField Kenya_Geology_1_to_1_million_join LITHOVAL "Gpa" VB #</Process><Process ToolSource="c:\program files (x86)\arcgis\desktop10.3\ArcToolbox\Toolboxes\Data Management Tools.tbx\CalculateField" Date="20180725" Time="110539">CalculateField Kenya_Geology_1_to_1_million_join LITHOVAL "Gpc" VB #</Process><Process ToolSource="c:\program files (x86)\arcgis\desktop10.3\ArcToolbox\Toolboxes\Data Management Tools.tbx\CalculateField" Date="20180725" Time="110611">CalculateField Kenya_Geology_1_to_1_million_join LITHOVAL "Gpdc" VB #</Process><Process ToolSource="c:\program files (x86)\arcgis\desktop10.3\ArcToolbox\Toolboxes\Data Management Tools.tbx\CalculateField" Date="20180725" Time="110644">CalculateField Kenya_Geology_1_to_1_million_join LITHOVAL "Gpu" VB #</Process><Process ToolSource="c:\program files (x86)\arcgis\desktop10.3\ArcToolbox\Toolboxes\Data Management Tools.tbx\CalculateField" Date="20180725" Time="110715">CalculateField Kenya_Geology_1_to_1_million_join LITHOVAL "IW" VB #</Process><Process ToolSource="c:\program files (x86)\arcgis\desktop10.3\ArcToolbox\Toolboxes\Data Management Tools.tbx\CalculateField" Date="20180725" Time="110743">CalculateField Kenya_Geology_1_to_1_million_join LITHOVAL "J" VB #</Process><Process ToolSource="c:\program files (x86)\arcgis\desktop10.3\ArcToolbox\Toolboxes\Data Management Tools.tbx\CalculateField" Date="20180725" Time="110808">CalculateField Kenya_Geology_1_to_1_million_join LITHOVAL "J1" VB #</Process><Process ToolSource="c:\program files (x86)\arcgis\desktop10.3\ArcToolbox\Toolboxes\Data Management Tools.tbx\CalculateField" Date="20180725" Time="110834">CalculateField Kenya_Geology_1_to_1_million_join LITHOVAL "J23" VB #</Process><Process ToolSource="c:\program files (x86)\arcgis\desktop10.3\ArcToolbox\Toolboxes\Data Management Tools.tbx\CalculateField" Date="20180725" Time="110906">CalculateField Kenya_Geology_1_to_1_million_join LITHOVAL "J23a" VB #</Process><Process ToolSource="c:\program files (x86)\arcgis\desktop10.3\ArcToolbox\Toolboxes\Data Management Tools.tbx\CalculateField" Date="20180725" Time="110938">CalculateField Kenya_Geology_1_to_1_million_join LITHOVAL "J3b" VB #</Process><Process ToolSource="c:\program files (x86)\arcgis\desktop10.3\ArcToolbox\Toolboxes\Data Management Tools.tbx\CalculateField" Date="20180725" Time="111003">CalculateField Kenya_Geology_1_to_1_million_join LITHOVAL "Jk" VB #</Process><Process ToolSource="c:\program files (x86)\arcgis\desktop10.3\ArcToolbox\Toolboxes\Data Management Tools.tbx\CalculateField" Date="20180725" Time="111034">CalculateField Kenya_Geology_1_to_1_million_join LITHOVAL "Jk1" VB #</Process><Process ToolSource="c:\program files (x86)\arcgis\desktop10.3\ArcToolbox\Toolboxes\Data Management Tools.tbx\CalculateField" Date="20180725" Time="111109">CalculateField Kenya_Geology_1_to_1_million_join LITHOVAL "K1" VB #</Process><Process ToolSource="c:\program files (x86)\arcgis\desktop10.3\ArcToolbox\Toolboxes\Data Management Tools.tbx\CalculateField" Date="20180725" Time="111143">CalculateField Kenya_Geology_1_to_1_million_join LITHOVAL "P" VB #</Process><Process ToolSource="c:\program files (x86)\arcgis\desktop10.3\ArcToolbox\Toolboxes\Data Management Tools.tbx\CalculateField" Date="20180725" Time="111208">CalculateField Kenya_Geology_1_to_1_million_join LITHOVAL "M" VB #</Process><Process ToolSource="c:\program files (x86)\arcgis\desktop10.3\ArcToolbox\Toolboxes\Data Management Tools.tbx\CalculateField" Date="20180725" Time="111354">CalculateField Kenya_Geology_1_to_1_million_join LITHOVAL "K23" VB #</Process><Process ToolSource="c:\program files (x86)\arcgis\desktop10.3\ArcToolbox\Toolboxes\Data Management Tools.tbx\CalculateField" Date="20180725" Time="111829">CalculateField Kenya_Geology_1_to_1_million_join LITHOVAL "Jk23" VB #</Process><Process ToolSource="c:\program files (x86)\arcgis\desktop10.3\ArcToolbox\Toolboxes\Data Management Tools.tbx\CalculateField" Date="20180725" Time="111913">CalculateField Kenya_Geology_1_to_1_million_join LITHOVAL "Mv" VB #</Process><Process ToolSource="c:\program files (x86)\arcgis\desktop10.3\ArcToolbox\Toolboxes\Data Management Tools.tbx\CalculateField" Date="20180725" Time="111944">CalculateField Kenya_Geology_1_to_1_million_join LITHOVAL "Mv1" VB #</Process><Process ToolSource="c:\program files (x86)\arcgis\desktop10.3\ArcToolbox\Toolboxes\Data Management Tools.tbx\CalculateField" Date="20180725" Time="112010">CalculateField Kenya_Geology_1_to_1_million_join LITHOVAL "Mv2" VB #</Process><Process ToolSource="c:\program files (x86)\arcgis\desktop10.3\ArcToolbox\Toolboxes\Data Management Tools.tbx\CalculateField" Date="20180725" Time="112044">CalculateField Kenya_Geology_1_to_1_million_join LITHOVAL "N" VB #</Process><Process ToolSource="c:\program files (x86)\arcgis\desktop10.3\ArcToolbox\Toolboxes\Data Management Tools.tbx\CalculateField" Date="20180725" Time="112114">CalculateField Kenya_Geology_1_to_1_million_join LITHOVAL "P" VB #</Process><Process ToolSource="c:\program files (x86)\arcgis\desktop10.3\ArcToolbox\Toolboxes\Data Management Tools.tbx\CalculateField" Date="20180725" Time="112140">CalculateField Kenya_Geology_1_to_1_million_join LITHOVAL "Pa" VB #</Process><Process ToolSource="c:\program files (x86)\arcgis\desktop10.3\ArcToolbox\Toolboxes\Data Management Tools.tbx\CalculateField" Date="20180725" Time="112206">CalculateField Kenya_Geology_1_to_1_million_join LITHOVAL "Pd" VB #</Process><Process ToolSource="c:\program files (x86)\arcgis\desktop10.3\ArcToolbox\Toolboxes\Data Management Tools.tbx\CalculateField" Date="20180725" Time="112233">CalculateField Kenya_Geology_1_to_1_million_join LITHOVAL "Pd2" VB #</Process><Process ToolSource="c:\program files (x86)\arcgis\desktop10.3\ArcToolbox\Toolboxes\Data Management Tools.tbx\CalculateField" Date="20180725" Time="112259">CalculateField Kenya_Geology_1_to_1_million_join LITHOVAL "Pd23" VB #</Process><Process ToolSource="c:\program files (x86)\arcgis\desktop10.3\ArcToolbox\Toolboxes\Data Management Tools.tbx\CalculateField" Date="20180725" Time="112327">CalculateField Kenya_Geology_1_to_1_million_join LITHOVAL "Pd3" VB #</Process><Process ToolSource="c:\program files (x86)\arcgis\desktop10.3\ArcToolbox\Toolboxes\Data Management Tools.tbx\CalculateField" Date="20180725" Time="112400">CalculateField Kenya_Geology_1_to_1_million_join LITHOVAL "Pdl" VB #</Process><Process ToolSource="c:\program files (x86)\arcgis\desktop10.3\ArcToolbox\Toolboxes\Data Management Tools.tbx\CalculateField" Date="20180725" Time="112436">CalculateField Kenya_Geology_1_to_1_million_join LITHOVAL "Pq1" VB #</Process><Process ToolSource="c:\program files (x86)\arcgis\desktop10.3\ArcToolbox\Toolboxes\Data Management Tools.tbx\CalculateField" Date="20180725" Time="112506">CalculateField Kenya_Geology_1_to_1_million_join LITHOVAL "Pr" VB #</Process><Process ToolSource="c:\program files (x86)\arcgis\desktop10.3\ArcToolbox\Toolboxes\Data Management Tools.tbx\CalculateField" Date="20180725" Time="112533">CalculateField Kenya_Geology_1_to_1_million_join LITHOVAL "Ps" VB #</Process><Process ToolSource="c:\program files (x86)\arcgis\desktop10.3\ArcToolbox\Toolboxes\Data Management Tools.tbx\CalculateField" Date="20180725" Time="112603">CalculateField Kenya_Geology_1_to_1_million_join LITHOVAL "Pt" VB #</Process><Process ToolSource="c:\program files (x86)\arcgis\desktop10.3\ArcToolbox\Toolboxes\Data Management Tools.tbx\CalculateField" Date="20180725" Time="112634">CalculateField Kenya_Geology_1_to_1_million_join LITHOVAL "Pv" VB #</Process><Process ToolSource="c:\program files (x86)\arcgis\desktop10.3\ArcToolbox\Toolboxes\Data Management Tools.tbx\CalculateField" Date="20180725" Time="112701">CalculateField Kenya_Geology_1_to_1_million_join LITHOVAL "Pvp" VB #</Process><Process ToolSource="c:\program files (x86)\arcgis\desktop10.3\ArcToolbox\Toolboxes\Data Management Tools.tbx\CalculateField" Date="20180725" Time="112730">CalculateField Kenya_Geology_1_to_1_million_join LITHOVAL "Q1" VB #</Process><Process ToolSource="c:\program files (x86)\arcgis\desktop10.3\ArcToolbox\Toolboxes\Data Management Tools.tbx\CalculateField" Date="20180725" Time="112758">CalculateField Kenya_Geology_1_to_1_million_join LITHOVAL "Q1m" VB #</Process><Process ToolSource="c:\program files (x86)\arcgis\desktop10.3\ArcToolbox\Toolboxes\Data Management Tools.tbx\CalculateField" Date="20180725" Time="112824">CalculateField Kenya_Geology_1_to_1_million_join LITHOVAL "Q1v" VB #</Process><Process ToolSource="c:\program files (x86)\arcgis\desktop10.3\ArcToolbox\Toolboxes\Data Management Tools.tbx\CalculateField" Date="20180725" Time="112853">CalculateField Kenya_Geology_1_to_1_million_join LITHOVAL "Q2a" VB #</Process><Process ToolSource="c:\program files (x86)\arcgis\desktop10.3\ArcToolbox\Toolboxes\Data Management Tools.tbx\CalculateField" Date="20180725" Time="112922">CalculateField Kenya_Geology_1_to_1_million_join LITHOVAL "Q2c" VB #</Process><Process ToolSource="c:\program files (x86)\arcgis\desktop10.3\ArcToolbox\Toolboxes\Data Management Tools.tbx\CalculateField" Date="20180725" Time="112950">CalculateField Kenya_Geology_1_to_1_million_join LITHOVAL "Q2d" VB #</Process><Process ToolSource="c:\program files (x86)\arcgis\desktop10.3\ArcToolbox\Toolboxes\Data Management Tools.tbx\CalculateField" Date="20180725" Time="113015">CalculateField Kenya_Geology_1_to_1_million_join LITHOVAL "Q2e" VB #</Process><Process ToolSource="c:\program files (x86)\arcgis\desktop10.3\ArcToolbox\Toolboxes\Data Management Tools.tbx\CalculateField" Date="20180725" Time="113041">CalculateField Kenya_Geology_1_to_1_million_join LITHOVAL "Q2g" VB #</Process><Process ToolSource="c:\program files (x86)\arcgis\desktop10.3\ArcToolbox\Toolboxes\Data Management Tools.tbx\CalculateField" Date="20180725" Time="113110">CalculateField Kenya_Geology_1_to_1_million_join LITHOVAL "Q2v" VB #</Process><Process ToolSource="c:\program files (x86)\arcgis\desktop10.3\ArcToolbox\Toolboxes\Data Management Tools.tbx\CalculateField" Date="20180725" Time="113140">CalculateField Kenya_Geology_1_to_1_million_join LITHOVAL "T" VB #</Process><Process ToolSource="c:\program files (x86)\arcgis\desktop10.3\ArcToolbox\Toolboxes\Data Management Tools.tbx\CalculateField" Date="20180725" Time="113211">CalculateField Kenya_Geology_1_to_1_million_join LITHOVAL "Tj1" VB #</Process><Process ToolSource="c:\program files (x86)\arcgis\desktop10.3\ArcToolbox\Toolboxes\Data Management Tools.tbx\CalculateField" Date="20180725" Time="113241">CalculateField Kenya_Geology_1_to_1_million_join LITHOVAL "Ts" VB #</Process><Process ToolSource="c:\program files (x86)\arcgis\desktop10.3\ArcToolbox\Toolboxes\Data Management Tools.tbx\CalculateField" Date="20180725" Time="113628">CalculateField Kenya_Geology_1_to_1_million_join DESCRIPT "[LITHOVAL] &amp;" " &amp; [LEGEND]" VB #</Process><Process ToolSource="c:\program files (x86)\arcgis\desktop10.3\ArcToolbox\Toolboxes\Data Management Tools.tbx\CalculateField" Date="20180725" Time="115217">CalculateField Kenya_Geology_1_to_1_million_join LEGEND "Inland water (Lake)" VB #</Process><Process ToolSource="c:\program files (x86)\arcgis\desktop10.3\ArcToolbox\Toolboxes\Data Management Tools.tbx\CalculateField" Date="20180725" Time="115234">CalculateField Kenya_Geology_1_to_1_million_join DESCRIPT "IW Inland water (Lake)" VB #</Process><Process ToolSource="c:\program files (x86)\arcgis\desktop10.3\ArcToolbox\Toolboxes\Data Management Tools.tbx\CalculateField" Date="20180725" Time="122926">CalculateField Kenya_Geology_1_to_1_million_join DESCRIPT "J3b Kimmeridgian-Tithonian Dense limestone with an intermediate shale member (Gabredare of Ethiopia)" VB #</Process><Process ToolSource="c:\program files (x86)\arcgis\desktop10.3\ArcToolbox\Toolboxes\Data Management Tools.tbx\CalculateField" Date="20180725" Time="123002">CalculateField Kenya_Geology_1_to_1_million_join LEGEND "Kimmeridgian-Tithonian Dense limestone with an intermediate shale member (Gabredare of Ethiopia)" VB #</Process><Process ToolSource="c:\program files (x86)\arcgis\desktop10.3\ArcToolbox\Toolboxes\Data Management Tools.tbx\CalculateField" Date="20180725" Time="123231">CalculateField Kenya_Geology_1_to_1_million_join LITHOVAL "Jk3" VB #</Process><Process ToolSource="c:\program files (x86)\arcgis\desktop10.3\ArcToolbox\Toolboxes\Data Management Tools.tbx\CalculateField" Date="20180725" Time="123306">CalculateField Kenya_Geology_1_to_1_million_join LEGEND "Bajocian - Upper Jurassic Poisonia shales and Kambe oolitic limestone in J2, thick sequence of shales in J3" VB #</Process><Process ToolSource="c:\program files (x86)\arcgis\desktop10.3\ArcToolbox\Toolboxes\Data Management Tools.tbx\CalculateField" Date="20180725" Time="123327">CalculateField Kenya_Geology_1_to_1_million_join DESCRIPT "Jk3 Bajocian - Upper Jurassic Poisonia shales and Kambe oolitic limestone in J2, thick sequence of shales in J3" VB #</Process><Process ToolSource="c:\program files (x86)\arcgis\desktop10.3\ArcToolbox\Toolboxes\Data Management Tools.tbx\CalculateField" Date="20180725" Time="123455">CalculateField Kenya_Geology_1_to_1_million_join LEGEND "Precambrian Nyanzian, Rhyolites, andesites, Basalts and greywackes" VB #</Process><Process ToolSource="c:\program files (x86)\arcgis\desktop10.3\ArcToolbox\Toolboxes\Data Management Tools.tbx\CalculateField" Date="20180725" Time="123512">CalculateField Kenya_Geology_1_to_1_million_join DESCRIPT "Pd2 Precambrian Nyanzian, Rhyolites, andesites, Basalts and greywackes" VB #</Process><Process ToolSource="c:\program files (x86)\arcgis\desktop10.3\ArcToolbox\Toolboxes\Data Management Tools.tbx\CalculateField" Date="20180725" Time="123726">CalculateField Kenya_Geology_1_to_1_million_join LEGEND "PrecambrianD  Mozambique belt  Quartzites, micaschists, biotite and hornblende gneiss, granitoid gneiss, amphibolites, migmatites synteCtonic granites" VB #</Process><Process ToolSource="c:\program files (x86)\arcgis\desktop10.3\ArcToolbox\Toolboxes\Data Management Tools.tbx\CalculateField" Date="20180725" Time="123751">CalculateField Kenya_Geology_1_to_1_million_join LEGEND "PrecambrianD  Mozambique belt  Quartzites, micaschists, biotite and hornblende gneiss, granitoid gneiss, amphibolites, migmatites syntectonic granites" VB #</Process><Process ToolSource="c:\program files (x86)\arcgis\desktop10.3\ArcToolbox\Toolboxes\Data Management Tools.tbx\CalculateField" Date="20180725" Time="123835">CalculateField Kenya_Geology_1_to_1_million_join ROCK_TYPE "Quartzites, mica schists, biotite and hornblende gneiss, granitiod gneiss, amPhibolites, migmatities, syntectonic granites" VB #</Process><Process ToolSource="c:\program files (x86)\arcgis\desktop10.3\ArcToolbox\Toolboxes\Data Management Tools.tbx\CalculateField" Date="20180725" Time="123902">CalculateField Kenya_Geology_1_to_1_million_join DESCRIPT "Gpu PrecambrianD  Mozambique belt  Quartzites, micaschists, biotite and hornblende gneiss, granitoid gneiss, amphibolites, migmatites syntectonic granites" VB #</Process><Process ToolSource="c:\program files (x86)\arcgis\desktop10.3\ArcToolbox\Toolboxes\Data Management Tools.tbx\CopyFeatures" Date="20190904" Time="144031">CopyFeatures GPL0 F:\International\Africa\Kenya\KAL\DC_190904_143426\Kenya_Geology_1_to_1_million\OutputData.gdb\Kenya_Geology_1_to_1_million # 0 0 0</Process></lineage><itemProps><itemName Sync="TRUE">Kenya_Geology_1_to_1_million</itemName><imsContentType Sync="TRUE">002</imsContentType><itemLocation><linkage Sync="TRUE">file://\\KWP18866\F$\International\Africa\Kenya\KAL\DC_190904_143426\Kenya_Geology_1_to_1_million\OutputData.gdb</linkage><protocol Sync="TRUE">Local Area Network</protocol></itemLocation></itemProps><coordRef><type Sync="TRUE">Geographic</type><geogcsn Sync="TRUE">GCS_Arc_1960</geogcsn><csUnits Sync="TRUE">Angular Unit: Degree (0.017453)</csUnits><peXml Sync="TRUE">&lt;GeographicCoordinateSystem xsi:type='typens:GeographicCoordinateSystem' xmlns:xsi='http://www.w3.org/2001/XMLSchema-instance' xmlns:xs='http://www.w3.org/2001/XMLSchema' xmlns:typens='http://www.esri.com/schemas/ArcGIS/10.3'&gt;&lt;WKT&gt;GEOGCS[&amp;quot;GCS_Arc_1960&amp;quot;,DATUM[&amp;quot;D_Arc_1960&amp;quot;,SPHEROID[&amp;quot;Clarke_1880_RGS&amp;quot;,6378249.145,293.465]],PRIMEM[&amp;quot;Greenwich&amp;quot;,0.0],UNIT[&amp;quot;Degree&amp;quot;,0.0174532925199433],AUTHORITY[&amp;quot;EPSG&amp;quot;,4210]]&lt;/WKT&gt;&lt;XOrigin&gt;-400&lt;/XOrigin&gt;&lt;YOrigin&gt;-400&lt;/YOrigin&gt;&lt;XYScale&gt;1111948722.2222221&lt;/XYScale&gt;&lt;ZOrigin&gt;-100000&lt;/ZOrigin&gt;&lt;ZScale&gt;10000&lt;/ZScale&gt;&lt;MOrigin&gt;-100000&lt;/MOrigin&gt;&lt;MScale&gt;10000&lt;/MScale&gt;&lt;XYTolerance&gt;8.9829948957069658e-009&lt;/XYTolerance&gt;&lt;ZTolerance&gt;0.001&lt;/ZTolerance&gt;&lt;MTolerance&gt;0.001&lt;/MTolerance&gt;&lt;HighPrecision&gt;true&lt;/HighPrecision&gt;&lt;LeftLongitude&gt;-180&lt;/LeftLongitude&gt;&lt;WKID&gt;4210&lt;/WKID&gt;&lt;LatestWKID&gt;4210&lt;/LatestWKID&gt;&lt;/GeographicCoordinateSystem&gt;</peXml></coordRef></DataProperties><SyncDate>20190904</SyncDate><SyncTime>14402600</SyncTime><ModDate>20190904</ModDate><ModTime>14402600</ModTime></Esri><dataIdInfo><envirDesc Sync="TRUE"> Version 6.2 (Build 9200) ; Esri ArcGIS 10.3.1.4959</envirDesc><dataLang><languageCode value="eng" Sync="TRUE"></languageCode><countryCode value="GBR" Sync="TRUE"></countryCode></dataLang><idCitation><resTitle Sync="TRUE">Kenya_Geology_1_to_1_million</resTitle><presForm><PresFormCd value="005" Sync="TRUE"></PresFormCd></presForm></idCitation><spatRpType><SpatRepTypCd value="001" Sync="TRUE"></SpatRepTypCd></spatRpType></dataIdInfo><mdLang><languageCode value="eng" Sync="TRUE"></languageCode><countryCode value="GBR" Sync="TRUE"></countryCode></mdLang><distInfo><distFormat><formatName Sync="TRUE">File Geodatabase Feature Class</formatName></distFormat></distInfo><mdHrLv><ScopeCd value="005" Sync="TRUE"></ScopeCd></mdHrLv><mdHrLvName Sync="TRUE">dataset</mdHrLvName><refSysInfo><RefSystem><refSysID><identCode code="4210" Sync="TRUE"></identCode><idCodeSpace Sync="TRUE">EPSG</idCodeSpace><idVersion Sync="TRUE">8.6.2</idVersion></refSysID></RefSystem></refSysInfo><spatRepInfo><VectSpatRep><geometObjs Name="Kenya_Geology_1_to_1_million"><geoObjTyp><GeoObjTypCd value="002" Sync="TRUE"></GeoObjTypCd></geoObjTyp><geoObjCnt Sync="TRUE">0</geoObjCnt></geometObjs><topLvl><TopoLevCd value="001" Sync="TRUE"></TopoLevCd></topLvl></VectSpatRep></spatRepInfo><spdoinfo><ptvctinf><esriterm Name="Kenya_Geology_1_to_1_million"><efeatyp Sync="TRUE">Simple</efeatyp><efeageom code="4" Sync="TRUE"></efeageom><esritopo Sync="TRUE">FALSE</esritopo><efeacnt Sync="TRUE">0</efeacnt><spindex Sync="TRUE">TRUE</spindex><linrefer Sync="TRUE">FALSE</linrefer></esriterm></ptvctinf></spdoinfo><eainfo><detailed Name="Kenya_Geology_1_to_1_million"><enttyp><enttypl Sync="TRUE">Kenya_Geology_1_to_1_million</enttypl><enttypt Sync="TRUE">Feature Class</enttypt><enttypc Sync="TRUE">0</enttypc></enttyp><attr><attrlabl Sync="TRUE">OBJECTID</attrlabl><attalias Sync="TRUE">OBJECTID</attalias><attrtype Sync="TRUE">OID</attrtype><attwidth Sync="TRUE">4</attwidth><atprecis Sync="TRUE">0</atprecis><attscale Sync="TRUE">0</attscale><attrdef Sync="TRUE">Internal feature number.</attrdef><attrdefs Sync="TRUE">Esri</attrdefs><attrdomv><udom Sync="TRUE">Sequential unique whole numbers that are automatically generated.</udom></attrdomv></attr><attr><attrlabl Sync="TRUE">Shape</attrlabl><attalias Sync="TRUE">Shape</attalias><attrtype Sync="TRUE">Geometry</attrtype><attwidth Sync="TRUE">0</attwidth><atprecis Sync="TRUE">0</atprecis><attscale Sync="TRUE">0</attscale><attrdef Sync="TRUE">Feature geometry.</attrdef><attrdefs Sync="TRUE">Esri</attrdefs><attrdomv><udom Sync="TRUE">Coordinates defining the features.</udom></attrdomv></attr><attr><attrlabl Sync="TRUE">KENGEOL_</attrlabl><attalias Sync="TRUE">KENGEOL_</attalias><attrtype Sync="TRUE">Double</attrtype><attwidth Sync="TRUE">8</attwidth><atprecis Sync="TRUE">0</atprecis><attscale Sync="TRUE">0</attscale></attr><attr><attrlabl Sync="TRUE">KENGEOL_ID</attrlabl><attalias Sync="TRUE">KENGEOL_ID</attalias><attrtype Sync="TRUE">Double</attrtype><attwidth Sync="TRUE">8</attwidth><atprecis Sync="TRUE">0</atprecis><attscale Sync="TRUE">0</attscale></attr><attr><attrlabl Sync="TRUE">LITHOVAL</attrlabl><attalias Sync="TRUE">LITHOVAL</attalias><attrtype Sync="TRUE">String</attrtype><attwidth Sync="TRUE">10</attwidth><atprecis Sync="TRUE">0</atprecis><attscale Sync="TRUE">0</attscale></attr><attr><attrlabl Sync="TRUE">AGE</attrlabl><attalias Sync="TRUE">AGE</attalias><attrtype Sync="TRUE">String</attrtype><attwidth Sync="TRUE">50</attwidth><atprecis Sync="TRUE">0</atprecis><attscale Sync="TRUE">0</attscale></attr><attr><attrlabl Sync="TRUE">LEGEND</attrlabl><attalias Sync="TRUE">LEGEND</attalias><attrtype Sync="TRUE">String</attrtype><attwidth Sync="TRUE">220</attwidth><atprecis Sync="TRUE">0</atprecis><attscale Sync="TRUE">0</attscale></attr><attr><attrlabl Sync="TRUE">ROCK_TYPE</attrlabl><attalias Sync="TRUE">ROCK_TYPE</attalias><attrtype Sync="TRUE">String</attrtype><attwidth Sync="TRUE">220</attwidth><atprecis Sync="TRUE">0</atprecis><attscale Sync="TRUE">0</attscale></attr><attr><attrlabl Sync="TRUE">DESCRIPT</attrlabl><attalias Sync="TRUE">DESCRIPT</attalias><attrtype Sync="TRUE">String</attrtype><attwidth Sync="TRUE">200</attwidth><atprecis Sync="TRUE">0</atprecis><attscale Sync="TRUE">0</attscale></attr><attr><attrlabl Sync="TRUE">KENGEOL1</attrlabl><attalias Sync="TRUE">KENGEOL1</attalias><attrtype Sync="TRUE">Double</attrtype><attwidth Sync="TRUE">8</attwidth><atprecis Sync="TRUE">0</atprecis><attscale Sync="TRUE">0</attscale></attr><attr><attrlabl Sync="TRUE">KENGEOL__1</attrlabl><attalias Sync="TRUE">KENGEOL__1</attalias><attrtype Sync="TRUE">Double</attrtype><attwidth Sync="TRUE">8</attwidth><atprecis Sync="TRUE">0</atprecis><attscale Sync="TRUE">0</attscale></attr><attr><attrlabl Sync="TRUE">LITHOVAL_1</attrlabl><attalias Sync="TRUE">LITHOVAL_1</attalias><attrtype Sync="TRUE">String</attrtype><attwidth Sync="TRUE">10</attwidth><atprecis Sync="TRUE">0</atprecis><attscale Sync="TRUE">0</attscale></attr><attr><attrlabl Sync="TRUE">SIMPLIFIED</attrlabl><attalias Sync="TRUE">SIMPLIFIED</attalias><attrtype Sync="TRUE">String</attrtype><attwidth Sync="TRUE">54</attwidth><atprecis Sync="TRUE">0</atprecis><attscale Sync="TRUE">0</attscale></attr><attr><attrlabl Sync="TRUE">EON__1_</attrlabl><attalias Sync="TRUE">EON__1_</attalias><attrtype Sync="TRUE">String</attrtype><attwidth Sync="TRUE">30</attwidth><atprecis Sync="TRUE">0</atprecis><attscale Sync="TRUE">0</attscale></attr><attr><attrlabl Sync="TRUE">ERA__2_</attrlabl><attalias Sync="TRUE">ERA__2_</attalias><attrtype Sync="TRUE">String</attrtype><attwidth Sync="TRUE">22</attwidth><atprecis Sync="TRUE">0</atprecis><attscale Sync="TRUE">0</attscale></attr><attr><attrlabl Sync="TRUE">PERIOD__3_</attrlabl><attalias Sync="TRUE">PERIOD__3_</attalias><attrtype Sync="TRUE">String</attrtype><attwidth Sync="TRUE">33</attwidth><atprecis Sync="TRUE">0</atprecis><attscale Sync="TRUE">0</attscale></attr><attr><attrlabl Sync="TRUE">EPOCH__4_</attrlabl><attalias Sync="TRUE">EPOCH__4_</attalias><attrtype Sync="TRUE">String</attrtype><attwidth Sync="TRUE">40</attwidth><atprecis Sync="TRUE">0</atprecis><attscale Sync="TRUE">0</attscale></attr><attr><attrlabl Sync="TRUE">STAGE__5_</attrlabl><attalias Sync="TRUE">STAGE__5_</attalias><attrtype Sync="TRUE">String</attrtype><attwidth Sync="TRUE">24</attwidth><atprecis Sync="TRUE">0</atprecis><attscale Sync="TRUE">0</attscale></attr><attr><attrlabl Sync="TRUE">LITHOLOGY</attrlabl><attalias Sync="TRUE">LITHOLOGY</attalias><attrtype Sync="TRUE">String</attrtype><attwidth Sync="TRUE">124</attwidth><atprecis Sync="TRUE">0</atprecis><attscale Sync="TRUE">0</attscale></attr><attr><attrlabl Sync="TRUE">NAMED_STRA</attrlabl><attalias Sync="TRUE">NAMED_STRA</attalias><attrtype Sync="TRUE">String</attrtype><attwidth Sync="TRUE">60</attwidth><atprecis Sync="TRUE">0</atprecis><attscale Sync="TRUE">0</attscale></attr><attr><attrlabl Sync="TRUE">LOCALITY</attrlabl><attalias Sync="TRUE">LOCALITY</attalias><attrtype Sync="TRUE">String</attrtype><attwidth Sync="TRUE">88</attwidth><atprecis Sync="TRUE">0</atprecis><attscale Sync="TRUE">0</attscale></attr><attr><attrlabl Sync="TRUE">Old_Lithov</attrlabl><attalias Sync="TRUE">Old_Lithov</attalias><attrtype Sync="TRUE">String</attrtype><attwidth Sync="TRUE">10</attwidth><atprecis Sync="TRUE">0</atprecis><attscale Sync="TRUE">0</attscale></attr><attr><attrlabl Sync="TRUE">Shape_Length</attrlabl><attalias Sync="TRUE">Shape_Length</attalias><attrtype Sync="TRUE">Double</attrtype><attwidth Sync="TRUE">8</attwidth><atprecis Sync="TRUE">0</atprecis><attscale Sync="TRUE">0</attscale><attrdef Sync="TRUE">Length of feature in internal units.</attrdef><attrdefs Sync="TRUE">Esri</attrdefs><attrdomv><udom Sync="TRUE">Positive real numbers that are automatically generated.</udom></attrdomv></attr><attr><attrlabl Sync="TRUE">Shape_Area</attrlabl><attalias Sync="TRUE">Shape_Area</attalias><attrtype Sync="TRUE">Double</attrtype><attwidth Sync="TRUE">8</attwidth><atprecis Sync="TRUE">0</atprecis><attscale Sync="TRUE">0</attscale><attrdef Sync="TRUE">Area of feature in internal units squared.</attrdef><attrdefs Sync="TRUE">Esri</attrdefs><attrdomv><udom Sync="TRUE">Positive real numbers that are automatically generated.</udom></attrdomv></attr></detailed></eainfo><mdDateSt Sync="TRUE">20190904</mdDateSt></metadata>
